{"cameraMode":{"drawMode":0,"name":"Shaded","section":"Shading Mode"},"sceneLighting":true,"audioPlay":false,"sceneViewState":{"m_AlwaysRefresh":false,"showFog":true,"showSkybox":true,"showFlares":true,"showImageEffects":true,"showParticleSystems":true,"showVisualEffectGraphs":true,"m_FxEnabled":true},"in2DMode":false,"pivot":{"x":0.23370292782783509,"y":2.700322151184082,"z":1.5054547786712647},"rotation":{"x":-0.41184866428375246,"y":-0.008740618824958802,"z":0.003952657803893089,"w":-0.9112130999565125},"size":5.363844394683838,"orthographic":false}